Designator,Footprint,Quantity,Value,LCSC Part #
C1,0805,1,22n - film,
"C10, C14, C15",0805,3,100n,
"C11, C17, C5, C7",0805,4,22n,
"C12, C13, C16",0805,3,1u,
C18,0805,1,10u,
"C2, C3",0805,2,4n7,
C6,0805,1,220n,
"C8, C9",0805,2,10n,
"D1, D2, D3",D_SOD-123,3,C8598,
D4,LED_D5.0mm_Clear,1,LED,
J1,BarrelJack_Horizontal,1,9V,
"J2, J3",Jack_6.35mm_Neutrik_NMJ6HCD2_Horizontal,2,AudioJack3,
J5,JST_EH_B6B-EH-A_1x06_P2.50mm_Vertical,1,Conn_01x06_Socket,
"Q1, Q2",SOT-23,2,BC850,
R10,0805,1,1M,
"R11, R13, R16",0805,3,4k7,
"R12, R14, R15",0805,3,100,
R17,0805,1,10k,
R9,0805,1,6K8,
RV11,Potentiometer_Alpha_RD901F-40-00D_Single_Vertical,1,100K_Log,
"RV12, RV5, RV6, RV8",Potentiometer_Alpha_RD901F-40-00D_Single_Vertical,4,5K,
RV21,Potentiometer_Alpha_RD901F-40-00D_Single_Vertical,1,100K Log,
"RV3, RV4",Potentiometer_Alpha_RD901F-40-00D_Single_Vertical,2,50K,
"SW10, SW7, SW8",SS12D00,3,SW_DPDT_x2,
SW11,SS12D00,1,SW_SPDT,
"SW3, SW4",SW_MINI-SPDT-SW,2,SW_DPDT_x2,
"SW5, SW6",SW_MINI-SPDT-SW,2,SW_SPDT_MSM,
TP20,PinHeader_1x01_P2.54mm_Vertical,1,-9V,
TP21,PinHeader_1x01_P2.54mm_Vertical,1,In,
TP22,PinHeader_1x01_P2.54mm_Vertical,1,In_DC,
TP23,PinHeader_1x01_P2.54mm_Vertical,1,pre_diode,
TP24,PinHeader_1x01_P2.54mm_Vertical,1,post_diode,
TP25,PinHeader_1x01_P2.54mm_Vertical,1,GND,
TP26,PinHeader_1x01_P2.54mm_Vertical,1,out,
TP27,PinHeader_1x01_P2.54mm_Vertical,1,9V,
U2,SOIC-8_3.9x4.9mm_P1.27mm,1,TC7662Bx0A,
U5,SOIC-14_3.9x8.7mm_P1.27mm,1,OPA1679,
