Designator,Mid X,Mid Y,Rotation,Layer
C1,63.45,-85.125,180.0,top
C10,49.2,-22.65,180.0,top
C11,93.325,-35.275,180.0,top
C12,59.45,-18.0125,90.0,top
C13,70.05,-16.6,270.0,top
C14,56.05,-83.2625,90.0,top
C15,57.175,-72.45,180.0,top
C16,57.125,-14.85,0.0,top
C17,74.6,-34.925,180.0,top
C18,49.275,-19.9,180.0,top
C2,38.575,-15.2,180.0,top
C3,39.65,-68.7,90.0,top
C5,38.575,-18.075,180.0,top
C6,49.9,-74.4,90.0,top
C7,43.825,-64.775,90.0,top
C8,93.3125,-65.175,0.0,top
C9,74.475,-65.075,0.0,top
D1,84.075,-34.575,180.0,top
D2,90.8,-82.8,180.0,top
D3,48.225,-26.65,270.0,top
D4,56.405,-50.25,180.0,top
J1,57.3925,-24.5,270.0,bottom
J2,26.475,-50.25,0.0,bottom
J3,86.0,-50.165,180.0,bottom
J5,74.9,-83.175,0.0,bottom
Q1,25.6,-63.7625,270.0,top
Q2,25.35,-36.7375,270.0,top
R10,62.475,-82.175,270.0,top
R11,28.95,-28.6,90.0,top
R12,22.1,-17.95,180.0,top
R13,38.375,-75.15,90.0,top
R14,28.825,-70.9,270.0,top
R15,63.125,-77.5,0.0,top
R16,50.175,-50.25,180.0,top
R17,49.9,-79.1,90.0,top
R9,52.35,-83.35,90.0,top
RV11,56.0,-38.24,90.0,top
RV12,93.275,-71.51,270.0,top
RV21,55.975,-62.11,270.0,top
RV3,20.225,-28.565,90.0,top
RV4,20.225,-71.835,270.0,top
RV5,74.65,-28.49,90.0,top
RV6,93.275,-28.79,90.0,top
RV8,74.65,-71.51,270.0,top
SW10,74.65,-37.85,0.0,top
SW11,93.275,-37.85,0.0,top
SW3,33.775,-25.5,90.0,top
SW4,33.775,-75.025,90.0,top
SW5,43.125,-25.5,90.0,top
SW6,43.125,-74.8625,90.0,top
SW7,93.275,-62.35,0.0,top
SW8,74.65,-62.35,0.0,top
TP20,66.25,-41.1,0.0,top
TP21,85.075,-72.175,0.0,bottom
TP22,66.625,-78.975,0.0,bottom
TP23,69.95,-47.45,0.0,top
TP24,43.8,-58.9,0.0,top
TP25,37.15,-36.775,0.0,top
TP26,64.875,-73.35,0.0,top
TP27,45.075,-37.325,0.0,top
U2,64.7,-16.58,270.0,top
U5,56.075,-77.55,0.0,top
